,Q2Num_Age,Q3B_Gender,"Q6Num_How many members are there in your household? ( Include Grandparents, Aunts, Uncles, Cousins, Sisters-in-law, Nephews, Nieces, Siblings, etc., if they are living with you or next door to you. example: 2.0)",Q7B_Are you the only child?,Q8B_Are you the oldest child?,Q9B_Are you the youngest child?,Q10B_Do you have any pets?,"Q11F_Say, you are playing a fierce game of badminton with your friends. Your mother keeps calling you from the balcony, asking you to come home and have your dinner. What will you do?","Q12Lns_Approximately how many people, whom you once knew well, do you now avoid, no longer meet, invite, or talk to? (Include anyone you have blocked on your Phone, Whatsapp, Facebook, Instagram, etc.)","Q13B_In the last three years, how many good friends have you made? ( don t include classmates, acquaintances you are not close to. )","Q14V1-5_How often have your parents discussed with you, your marks / school work / University subjects?","Q15B_Say during an exam, you momentarily show your answer sheet to a struggling friend. Your teacher decides to punish both of you. You and your friend are asked to bring your parents to School. What would you do in such a situation?",Q16T_How often do you check your social media?,Q17F_ I can easily tell how others are feeling.  How strongly do you agree with this statement?,"Q18B_Say a popular group of boys and girls from your School or College are angry at your friend. Incidentally you are invited to a house party thrown by this group, but your friend is not invited. What do you usually do in such a situation?","Q19F_ When a best friend is angry, I feel angry too and take my best friend s side.  How strongly do you agree with this statement?","Q20T_Say you move into a new high-rise apartment with a lot of amenities, like gym, swimming pool, clubhouses and you socialize with a few people. You hear gossip against a certain boy called Rohit, stating that he s not very popular amongst them. What would your approach be pertaining to Rohit?",Q21V1-5_Which of these statements is true?,Q22B_Which of the following statements best describes you the night before the exam?,Q23V0-4_After a failure/setback what do you do?,"Q24V1-5_In general, do you ask a lot of questions. How many? ( Googling, asking friends, parents or teachers)","Q25V1-3_You are stuck on some level of competency on a new project. For example, you cannot finish 25 push-ups, find the bug in code, or cross a difficult level on a video game. What do you usually do?","Q26T_Say a friendly scientist from ISRO visits your school and talks about India s own mars-rover satellite  Mangalyaan . He invites students to come on stage after the presentation, to look at the robot closely and ask questions one-on-one. However, if you don t leave before this seminar ends, you will miss the bus back home and will have to walk all the way. What will you do?",Q28B_Say you find an error in a study book that your Professor has asked you to refer. What will you do?,Q29T_You overslept and are late for a terrace-top social event. What will you do?,"Q30V0-4_ I love public speaking, like in a classroom, Birthday party, Wedding, Team dinner, etc.  How strongly do you agree with this statement?",Q31B_Would you be friends with yourself?,"Q32B_You have just overheard from your mother s conversation, that your bunch of school friends are planning to throw a surprise birthday party for you, at your home. They will arrive in about 10 minutes. What will you do?","Q33T_Looking at your past incidents, how have you dealt with people who pass insulting personal comments at you? (Say someone makes fun of your looks, or calls you a loser)",Q34V0-4_You get lower than expected grades.,Q35V0-4_You lie to your parents but your sibling (or another relative) catches you and is now threatening to tell your parents.,Q36V0-4_You are facing bullies at School/College,"Q37V0-4_Your sibling is permanently leaving home to a far-off place for a job or college, etc.",Q38V0-4_Your pet is missing.,"Q39V0-4_Over the last decade have you experienced strong fear that causes panic, shortness of breath, a pounding heart, sweating, shaking, or dizziness?",Q40V1-5_Are you able to control your restless mind from uninvited thoughts that unnecessarily slows you down?,Q41V1-5_How do you describe your physical activity level?,Q42V1-5_Around what time do you go to bed?,Q43T_How do you describe your quality of sleep?,Q44V1-4_Where did you grow up?,"Q45B_If the Government can spend on only one of the following, which would you choose?",Q46V1-4_How close are you to nature?,Q47F_What is your view of the world today?,Q48T_You ve just heard that your younger sibling (or closest friend) has not done well in an important exam. What would you do about this?,Q49V1-5_How often do you laugh at yourself or make jokes on yourself to make others around you laugh or reduce tension in the environment?,Q50V1-4_Does humor come to you spontaneously as a natural part of you?,"Q51T_Everyday during commute, you see people violating traffic rules at a particular signal, and the cop there taking bribe and never managing the traffic. You have heard a lot about the entire system being corrupt. All this does not match the India of your dreams, and it saddens you. Looking at your past, what do you think you do in such a situation?","Q52V1-4_When you have a 1-hour homework, how many breaks do you take?",Q53V0-4_Are you generally happy?,"Q54V0-3_Are you always on time in reaching school, tuition, party etc?",Positive(Sentimental analysis) ,Neutral(Sentimental analysis),Negative(Sentimental analysis)
0,15,1,4,0,1,0,0,2,1.791759,0,1,1,1,-1,0,-1,0,2,1,0,5,3,1,0,1,2,1,0,-1,2,0,3,0,0,0,3,2,2,-1,2,0,1,-2,0,4,1,-1,2,0,0,1.0,0.0,0.0
1,16,0,3,0,0,0,0,2,0.0,0,1,1,-1,-2,0,-1,1,3,0,0,5,1,1,1,1,1,1,1,0,1,2,4,4,4,0,4,1,1,1,2,0,4,-1,-1,2,4,-1,1,0,0,0.99,0.01,0.0
2,18,1,8,0,1,0,0,2,0.0,1,3,1,-1,1,0,0,-1,1,0,1,3,1,1,0,0,4,1,1,-1,1,1,2,2,0,2,3,3,1,0,1,0,2,1,-1,1,2,0,4,0,0,0.09,0.9,0.01
3,19,1,4,0,1,0,0,2,0.0,1,5,1,-1,0,1,2,-1,1,1,1,1,3,0,0,-1,0,1,1,0,3,2,4,1,0,3,5,2,4,1,1,1,4,2,-1,4,4,-1,3,1,2,1.0,0.0,0.0
4,19,0,4,0,1,1,1,2,3.4011970000000002,1,3,0,-1,1,0,-1,-1,1,1,3,1,3,0,0,-1,3,1,1,0,3,4,2,3,4,4,2,1,3,-1,2,1,2,-1,1,1,1,1,3,3,3,1.0,0.0,0.0
5,20,0,4,0,0,1,0,2,1.0986120000000001,1,5,1,-1,-2,1,-2,-1,3,1,2,4,3,1,0,-1,0,1,0,1,3,3,3,4,0,2,2,3,4,0,2,0,1,-1,1,4,4,1,1,1,2,0.94,0.02,0.04
6,19,1,4,0,0,1,0,1,2.3025849999999997,0,3,1,1,1,0,1,0,1,1,2,3,3,1,0,-1,4,1,1,-1,2,4,4,3,2,1,2,1,2,-1,1,0,4,-1,1,1,2,1,3,2,3,1.0,0.0,0.0
7,19,1,5,0,0,1,0,2,2.3025849999999997,1,5,1,-1,-2,1,0,0,5,1,0,4,1,0,0,1,4,1,0,-1,3,2,4,2,4,3,4,3,2,-1,2,0,4,-1,0,5,1,1,4,2,0,0.89,0.1,0.01
8,19,0,3,1,0,0,0,1,2.995732,1,5,1,1,-2,0,-2,-1,2,1,2,3,2,1,0,1,0,1,1,-1,1,3,0,0,3,4,4,1,3,-1,1,1,4,-2,-1,4,1,1,2,3,2,0.0,0.01,0.99
9,21,1,6,0,0,1,0,0,0.0,0,3,1,0,-2,0,-1,-1,4,1,2,1,2,-1,0,0,0,1,0,-1,2,4,3,3,4,1,3,1,3,-1,2,0,1,-1,0,4,1,1,3,2,1,0.98,0.0,0.02
10,20,0,4,0,1,0,0,2,1.791759,0,3,0,0,-2,0,-2,-1,5,1,0,4,3,1,0,1,0,1,1,0,4,3,4,3,4,2,5,3,2,0,1,0,1,-2,1,2,4,1,4,0,2,0.99,0.01,0.0
11,20,1,4,0,1,0,0,1,1.0986120000000001,1,1,0,-1,0,0,-2,1,1,0,2,3,3,0,0,-1,0,1,0,0,1,0,0,1,0,3,4,2,2,-1,3,0,4,-1,0,5,4,0,1,3,3,0.9,0.08,0.02
12,20,1,4,0,0,1,0,0,1.0986120000000001,1,3,1,-1,-2,0,0,0,2,1,2,3,3,0,0,1,2,1,0,0,4,3,4,3,4,2,3,3,1,-1,1,0,4,-1,1,2,4,-1,1,2,2,0.99,0.0,0.01
13,20,0,4,0,0,1,0,2,0.0,0,3,1,-1,0,1,-2,-1,2,1,3,3,3,1,0,1,1,1,1,0,3,2,3,4,2,2,4,1,3,-1,4,0,4,-2,1,4,4,1,1,2,3,0.47,0.0,0.53
14,21,0,4,0,0,1,0,-1,1.3862940000000001,1,5,1,-1,0,1,-2,0,5,0,3,4,3,1,0,1,2,0,0,0,3,3,4,3,3,3,4,2,2,0,1,0,4,2,1,2,1,1,1,2,3,0.62,0.38,0.0
15,20,1,4,0,1,0,0,2,2.70805,1,5,1,1,1,1,1,-1,4,1,2,4,3,0,0,-1,1,0,1,0,3,0,3,3,4,2,1,1,5,1,1,0,4,1,-1,1,2,-1,2,3,3,0.98,0.0,0.02
16,20,0,4,0,1,0,0,2,1.3862940000000001,1,3,1,1,1,1,0,-1,1,1,3,3,3,1,0,1,1,1,1,0,3,4,3,4,4,1,1,1,1,-1,1,0,1,-1,1,4,4,1,2,2,3,0.95,0.05,0.0
17,20,0,4,0,1,0,0,-1,2.4849069999999998,1,3,1,1,-2,0,1,-1,5,0,0,3,1,1,0,0,2,1,0,-1,4,3,4,0,4,2,3,3,2,-1,1,1,1,-1,-1,5,4,1,2,1,0,1.0,0.0,0.0
18,20,0,4,0,1,0,0,-1,0.0,1,5,0,-1,-2,1,2,-1,5,1,2,3,3,0,0,-1,3,0,0,-1,3,4,2,2,4,2,3,3,3,0,1,0,4,-1,-1,4,1,1,1,2,0,0.9,0.1,0.0
19,20,1,5,0,0,1,0,2,1.791759,1,3,1,-1,1,0,0,0,1,1,2,5,3,-1,0,-1,4,1,0,0,3,2,2,2,4,2,4,2,5,-1,2,1,4,0,1,5,4,1,4,1,1,1.0,0.0,0.0
20,20,0,3,0,1,0,0,2,1.609438,0,1,1,-1,-2,0,-1,-1,4,1,0,1,1,0,0,1,0,1,1,0,1,2,2,1,1,2,4,3,4,-1,2,0,4,2,-1,1,1,1,2,2,2,0.93,0.07,0.0
21,20,1,3,0,0,1,1,-1,0.0,0,4,1,-1,1,1,-1,0,5,0,4,4,3,1,0,0,4,1,1,0,3,2,0,0,0,2,2,1,2,-1,3,1,2,-1,1,4,4,1,4,2,3,0.98,0.02,0.0
22,21,1,3,1,0,0,0,-1,1.0986120000000001,0,5,1,0,0,1,-1,-1,1,0,0,4,3,1,0,0,2,1,0,-1,2,0,1,0,4,2,4,1,5,-1,1,0,4,-2,1,2,4,-1,4,2,0,0.58,0.03,0.39
23,20,0,3,0,1,0,0,2,0.0,1,5,1,-1,-2,0,1,0,5,1,1,1,1,1,0,1,3,0,0,1,0,0,0,0,0,0,2,3,3,0,1,0,2,-2,0,1,1,0,4,0,3,0.81,0.16,0.03
24,19,0,4,0,1,0,0,2,3.218876,1,3,1,-1,-1,0,-2,-1,5,1,2,1,3,1,0,-1,4,1,0,0,4,1,1,4,3,2,1,3,1,-1,1,1,4,2,-1,5,4,1,4,1,3,0.15,0.45,0.4
25,19,1,4,0,1,0,0,2,2.3025849999999997,1,1,1,-1,0,0,-2,0,5,0,2,4,1,0,0,1,1,1,1,1,3,3,1,0,0,2,3,2,1,-1,2,0,4,1,-1,4,4,1,4,3,3,1.0,0.0,0.0
26,19,1,3,0,1,0,0,2,2.3025849999999997,1,5,1,-1,1,0,-2,0,5,1,1,4,3,0,0,1,2,1,1,0,4,0,0,0,0,2,1,3,2,-1,2,0,4,1,1,4,1,-1,1,2,2,1.0,0.0,0.0
27,19,0,5,1,1,0,0,1,0.0,1,3,1,-1,0,1,-2,0,1,1,2,4,1,1,0,1,3,1,1,0,1,3,2,2,4,2,4,2,3,0,2,0,3,-1,-1,1,4,1,3,1,2,0.98,0.02,0.0
28,20,0,8,0,0,1,1,1,2.3025849999999997,1,3,1,-1,0,1,0,-1,1,1,3,4,3,0,0,1,1,1,0,0,2,3,3,3,2,2,4,3,2,0,4,0,1,1,1,5,4,1,1,2,3,1.0,0.0,0.0
29,20,1,5,0,0,1,0,1,1.0986120000000001,1,5,0,-1,-2,0,0,0,1,0,0,1,1,0,0,1,2,0,1,0,1,1,0,2,3,0,2,2,4,1,4,1,4,1,1,5,1,1,1,0,3,0.49,0.16,0.35
30,20,0,6,0,0,0,0,2,1.609438,1,4,1,1,-1,1,0,-1,4,0,1,4,3,0,0,1,1,1,1,-1,2,0,1,3,0,2,1,2,1,-1,3,0,4,2,1,4,4,1,4,4,0,0.0,0.0,1.0
31,22,1,5,0,1,0,1,0,1.3862940000000001,1,4,1,-1,-2,1,0,1,3,0,1,3,3,1,0,0,1,1,1,0,2,0,0,4,4,3,2,3,1,0,2,1,1,2,-1,4,1,1,4,1,3,1.0,0.0,0.0
32,21,0,4,0,0,1,1,2,0.6931470000000001,1,4,1,-1,0,0,0,-1,4,1,1,4,3,0,0,0,2,1,0,0,2,3,2,0,2,0,4,1,2,0,4,0,1,-2,1,2,4,1,1,0,2,0.93,0.06,0.01
33,19,0,5,1,1,0,0,1,2.70805,0,3,1,-1,0,0,0,0,5,1,3,3,3,1,0,1,2,0,0,-1,4,2,0,0,3,3,3,2,3,0,1,0,1,-2,1,5,4,1,4,2,3,1.0,0.0,0.0
34,20,1,3,1,0,0,1,2,0.6931470000000001,0,3,1,1,0,1,0,-1,1,1,2,2,1,1,0,0,4,1,0,0,3,1,2,3,4,3,4,3,1,0,1,0,2,-1,-1,4,1,1,4,0,2,0.93,0.01,0.06
35,20,1,4,0,0,1,1,2,0.6931470000000001,1,5,0,0,0,0,-1,1,2,0,3,5,2,-1,0,-1,3,0,0,-1,2,3,2,3,3,2,4,3,1,-1,3,0,1,2,0,4,1,-1,2,2,3,1.0,0.0,0.0
36,19,0,6,0,1,0,0,2,1.609438,1,1,1,-1,0,0,-1,-1,1,0,1,3,3,1,0,1,0,1,0,0,3,2,2,3,4,2,2,2,2,0,1,1,1,-2,1,4,1,0,2,1,0,0.75,0.06,0.19
37,20,0,4,0,1,0,0,2,1.609438,0,5,1,1,0,0,0,-1,4,1,1,4,3,1,0,1,1,1,1,0,2,0,0,0,0,2,2,3,3,0,2,0,1,-1,1,5,4,1,3,2,2,0.31,0.66,0.03
38,19,0,4,0,1,0,1,2,1.0986120000000001,0,4,1,-1,-2,0,0,-1,4,1,0,5,3,-1,1,1,1,1,1,-1,3,4,2,3,4,3,3,3,1,-1,2,0,4,-1,1,4,1,1,4,2,0,0.04,0.96,0.0
39,20,0,4,0,1,0,0,-1,1.0986120000000001,1,5,1,-1,1,1,0,0,3,1,1,3,1,0,0,1,4,1,1,-1,4,0,1,4,4,2,1,3,4,0,1,0,4,-1,1,2,1,1,4,4,0,0.06,0.0,0.94
40,21,1,3,1,0,0,0,2,2.3025849999999997,1,5,1,-1,0,1,2,-1,2,1,1,4,3,0,0,1,1,1,1,0,1,3,1,2,3,0,4,3,3,0,2,0,4,-2,1,5,4,1,4,2,3,0.74,0.24,0.02
41,20,0,5,0,1,0,0,1,1.609438,1,3,1,-1,0,0,0,-1,1,1,2,5,1,-1,0,1,2,0,1,1,3,2,0,2,0,3,4,1,2,0,1,0,2,-1,-1,5,1,1,3,1,3,0.87,0.05,0.08
42,20,1,3,1,1,0,0,1,1.609438,1,4,1,-1,-2,1,-2,-1,5,1,3,3,3,1,0,0,3,1,1,1,3,1,0,1,4,2,1,2,3,0,1,0,2,-1,-1,1,2,1,1,2,1,0.01,0.02,0.97
43,20,0,4,0,1,0,0,1,1.0986120000000001,1,5,1,1,-2,0,0,-1,1,1,4,4,3,0,0,-1,1,1,1,-1,3,3,2,0,3,3,3,2,3,0,1,0,1,1,1,4,4,1,1,4,3,1.0,0.0,0.0
44,20,1,4,0,0,1,0,1,2.3025849999999997,1,5,1,1,0,0,-2,-1,3,1,1,4,1,1,0,-1,0,1,0,-1,2,3,0,4,4,0,2,3,4,0,3,1,4,-2,1,1,2,1,3,2,2,0.99,0.01,0.0
45,20,1,4,0,0,1,0,2,3.4011970000000002,1,4,1,-1,-2,0,-2,0,5,1,2,3,3,1,0,1,0,0,1,-1,2,1,1,2,3,1,4,3,3,-1,3,0,4,-1,1,5,4,-1,2,2,3,0.93,0.04,0.03
46,20,1,4,0,0,1,0,2,0.6931470000000001,0,5,0,-1,-1,1,1,-1,3,1,3,4,3,0,0,1,2,1,1,0,3,2,2,4,3,0,3,3,5,-1,1,1,4,-2,-1,4,1,-1,4,0,2,1.0,0.0,0.0
47,19,0,4,1,0,0,0,-1,1.791759,1,3,1,1,-2,0,1,-1,3,1,3,4,3,-1,0,-1,1,1,1,0,1,3,4,0,4,3,4,3,2,0,1,1,4,-1,1,4,4,1,2,1,0,0.46,0.01,0.53
48,19,0,4,0,0,1,0,-1,2.079442,1,3,1,-1,-2,0,0,0,2,1,3,3,3,0,0,0,0,0,1,0,1,3,0,2,4,0,2,2,3,0,1,0,1,1,-1,5,2,1,3,2,3,1.0,0.0,0.0
49,20,1,4,0,0,1,0,1,1.791759,1,4,1,1,-2,1,-1,-1,5,1,2,5,1,-1,0,0,4,1,1,0,3,1,1,1,3,3,3,3,4,0,1,0,4,2,1,4,4,1,4,2,1,0.06,0.91,0.03
50,19,0,4,0,0,1,0,-1,0.0,1,1,1,0,0,0,0,-1,3,0,1,3,3,0,0,1,0,1,0,-1,3,1,2,4,1,3,2,2,1,0,1,0,1,1,1,1,1,1,2,0,0,0.0,0.0,1.0
51,19,1,4,0,1,0,0,2,0.0,0,1,1,1,2,1,-1,-1,3,1,3,3,3,0,0,0,4,0,1,0,1,0,4,3,4,0,1,3,2,-1,1,0,1,-2,1,1,1,1,3,1,0,1.0,0.0,0.0
52,20,0,2,1,0,0,0,-1,0.0,1,1,1,1,-2,0,-1,-1,1,0,2,5,3,1,0,0,3,1,0,-1,2,0,3,3,4,4,2,1,2,-1,1,0,2,-1,-1,4,4,1,4,0,0,0.0,0.0,1.0
53,21,0,2,1,0,0,0,1,3.4011970000000002,1,1,1,1,0,0,-1,-1,5,1,2,4,3,1,1,1,3,1,1,0,2,4,3,3,3,3,3,2,4,0,1,0,1,-1,-1,5,1,1,3,4,1,0.97,0.03,0.0
54,20,1,3,1,0,0,0,-1,0.6931470000000001,0,2,1,0,0,0,0,-1,5,1,2,5,3,-1,0,-1,4,0,1,-1,0,3,4,0,0,0,5,4,2,1,4,1,3,-1,0,4,3,-1,2,4,0,0.0,0.0,1.0
55,18,0,5,0,1,0,0,1,2.079442,1,2,0,1,-1,0,-2,1,5,0,4,4,3,-1,0,-1,4,1,1,-1,0,4,0,0,0,4,3,3,3,0,1,0,2,-1,-1,1,1,0,4,2,3,1.0,0.0,0.0
56,20,0,3,1,0,0,0,2,1.609438,1,3,1,-1,0,1,-1,1,5,1,0,3,1,1,0,1,0,0,1,-1,4,2,3,1,4,3,4,3,3,0,1,0,1,-1,1,4,1,1,4,0,3,0.7,0.3,0.0
57,21,1,4,0,0,0,0,2,2.70805,1,3,1,1,0,1,-2,-1,3,0,1,4,1,0,0,-1,2,0,1,0,1,3,0,2,4,2,2,1,3,0,1,0,1,2,1,1,2,1,3,1,2,1.0,0.0,0.0
58,20,1,3,1,1,0,0,2,2.3025849999999997,0,1,1,-1,-2,0,-1,0,5,1,2,3,3,0,0,1,2,0,1,1,4,2,1,2,4,3,3,3,4,-1,2,0,4,1,-1,5,1,-1,4,4,3,0.31,0.0,0.69
59,18,0,7,0,0,0,0,0,1.3862940000000001,1,5,1,1,-2,0,0,0,1,0,2,4,3,0,0,-1,2,1,1,0,3,3,2,2,2,3,4,2,4,0,3,0,4,2,1,4,1,-1,4,1,3,1.0,0.0,0.0
60,21,1,6,0,0,1,0,2,0.0,1,3,0,0,-2,0,1,-1,2,1,1,3,3,0,0,1,1,1,0,0,3,0,0,4,4,2,4,3,3,-1,2,0,1,-2,0,4,1,1,2,2,3,0.5,0.0,0.5
61,20,1,3,0,0,1,0,0,2.3025849999999997,1,4,1,-1,0,1,-2,0,3,0,3,4,3,0,0,1,1,1,1,-1,3,4,2,2,3,1,2,3,1,0,2,0,4,-1,-1,1,2,1,1,1,1,1.0,0.0,0.0
62,22,1,4,0,0,1,0,-1,0.0,0,4,1,-1,-1,1,-1,-1,5,0,2,4,1,1,0,1,1,1,0,-1,2,2,2,2,3,2,3,2,2,0,1,1,4,2,1,5,2,1,2,2,3,0.97,0.02,0.01
63,20,1,3,1,1,1,0,1,0.6931470000000001,0,3,1,-1,0,0,0,-1,1,0,1,4,1,1,1,0,2,0,1,1,2,3,3,1,4,3,3,3,3,-1,2,0,4,-1,1,4,1,1,4,4,2,0.0,0.01,0.99
64,19,0,4,0,1,0,0,1,1.609438,1,5,1,-1,-1,0,-2,-1,1,1,3,3,3,-1,0,-1,4,0,0,-1,3,0,3,2,4,2,4,2,4,0,1,0,2,-1,-1,2,4,-1,3,2,3,0.0,0.01,0.99
65,20,1,4,0,1,0,0,2,1.609438,1,4,0,-1,1,0,1,0,2,1,4,1,3,1,0,1,0,0,0,1,3,4,3,0,4,3,3,3,5,1,1,1,3,-2,-1,1,1,1,3,4,2,0.99,0.0,0.01
66,19,1,1,0,0,1,0,2,0.0,0,3,1,-1,-2,1,2,1,1,1,3,3,3,1,0,1,0,1,0,-1,0,4,0,0,0,3,2,3,1,0,3,0,4,-2,-1,4,2,1,1,2,0,0.25,0.3,0.45
67,19,0,4,0,0,0,0,2,1.609438,1,5,1,1,0,1,1,0,3,1,4,4,3,0,0,-1,2,0,1,-1,3,3,4,3,3,1,4,2,1,0,4,0,4,-1,-1,4,4,-1,4,2,3,0.36,0.63,0.01
68,19,1,4,0,1,0,0,2,0.0,1,3,1,-1,0,1,-2,0,1,0,0,3,3,1,0,1,2,1,1,0,3,4,1,3,3,0,2,2,1,0,1,0,1,-1,-1,5,1,1,1,1,0,0.9,0.1,0.0
69,21,1,3,1,0,0,1,-1,1.0986120000000001,1,5,1,-1,-2,0,0,-1,5,1,4,3,2,0,0,1,2,1,0,0,3,1,1,0,3,3,3,3,5,-1,1,0,4,-1,-1,4,4,1,1,2,3,0.94,0.06,0.0
70,21,1,4,0,0,0,0,1,2.3025849999999997,1,5,1,0,-2,0,-1,-1,1,1,2,5,3,1,0,-1,1,0,1,0,1,2,2,2,3,2,4,3,3,1,2,0,4,1,1,1,2,1,2,1,2,0.89,0.11,0.0
71,21,0,4,0,1,0,0,2,2.397895,1,1,1,-1,1,0,0,0,5,1,3,1,3,1,0,1,1,0,1,-1,4,3,4,4,4,2,3,2,1,-1,1,0,1,-1,1,4,4,1,1,1,3,0.8,0.18,0.02
72,19,0,2,1,0,0,0,-1,3.4011970000000002,1,1,1,-1,0,1,0,-1,1,1,2,5,3,0,0,1,1,1,1,0,4,4,3,2,4,1,3,2,5,1,1,0,4,-1,1,5,4,-1,3,4,2,0.0,0.0,1.0
73,23,1,4,0,0,1,0,1,2.3025849999999997,0,5,0,0,1,0,-1,-1,2,0,3,4,1,0,0,-1,2,1,0,0,0,3,1,0,0,2,3,3,3,0,1,1,4,-2,-1,2,4,1,4,1,0,0.99,0.01,0.0
74,21,0,6,0,1,0,0,2,3.4011970000000002,1,5,1,1,1,1,0,-1,4,1,1,4,2,0,0,0,2,1,1,1,2,3,2,2,3,1,3,2,1,-1,3,0,1,-1,-1,1,1,1,3,3,1,0.97,0.03,0.0
75,15,1,6,0,0,1,0,2,0.6931470000000001,0,3,0,1,-2,0,0,-1,3,0,2,4,3,-1,0,0,1,0,1,0,3,3,0,4,0,1,2,4,3,-1,3,1,4,0,-1,2,2,1,4,4,1,1.0,0.0,0.0
76,20,0,4,0,1,0,0,-1,2.5649490000000004,0,3,1,-1,-1,0,2,-1,2,1,4,1,3,1,0,1,0,1,1,0,3,4,3,4,0,3,4,2,1,0,1,0,4,1,-1,5,1,1,3,0,3,0.99,0.01,0.0
77,19,0,5,0,1,0,0,2,2.3025849999999997,1,3,1,0,-2,1,-2,-1,1,1,0,3,3,0,0,0,0,1,1,0,2,4,3,0,2,0,4,2,2,-1,1,0,4,1,0,4,3,1,4,2,0,0.99,0.0,0.01
78,21,0,3,0,1,0,1,2,1.609438,1,3,1,-1,0,1,-2,-1,1,1,0,3,3,0,0,1,4,0,0,0,2,2,4,4,4,1,4,1,3,-1,3,0,4,-1,1,4,1,-1,4,3,0,1.0,0.0,0.0
79,20,1,5,0,0,1,0,-1,1.609438,0,5,1,-1,-2,1,-2,1,5,0,2,1,3,1,0,-1,4,1,0,-1,3,3,2,3,3,4,1,3,3,-1,4,0,4,0,-1,5,4,1,1,4,0,0.82,0.13,0.05
80,19,1,4,0,0,1,1,2,2.3025849999999997,1,1,0,-1,1,1,0,-1,1,1,1,4,3,0,0,1,1,1,1,0,4,4,0,0,4,3,4,3,1,1,4,0,4,-1,0,4,1,1,1,2,0,0.0,0.0,1.0
81,20,1,4,0,0,1,0,-1,2.70805,0,1,1,-1,1,1,-2,-1,1,1,2,4,3,-1,0,0,1,0,0,-1,4,1,1,0,4,2,3,2,1,-1,1,1,4,1,-1,4,2,1,4,1,2,0.36,0.61,0.03
82,20,1,4,0,1,0,0,2,0.0,1,3,0,-1,1,1,-2,0,2,0,3,1,3,1,0,0,2,1,1,-1,2,0,0,0,0,2,4,2,1,0,2,0,4,0,1,1,4,1,4,2,3,1.0,0.0,0.0
83,20,1,4,0,1,0,0,1,2.3025849999999997,1,5,1,1,-2,1,0,0,2,1,2,3,1,0,0,1,0,1,0,-1,0,2,1,1,0,3,3,2,3,-1,3,0,4,-1,-1,4,4,1,2,3,2,0.95,0.05,0.0
84,15,1,4,1,1,1,0,2,0.0,0,1,1,1,0,1,2,1,2,1,0,1,3,0,0,-1,1,1,0,0,3,1,0,2,0,3,4,5,1,-1,1,1,1,1,1,4,1,-1,1,2,3,1.0,0.0,0.0
85,20,0,4,0,1,0,0,2,2.3025849999999997,0,5,1,-1,0,0,-2,-1,5,1,2,3,3,0,0,0,4,1,1,-1,4,2,2,2,3,3,4,3,2,-1,1,0,4,-1,-1,1,4,-1,4,2,0,0.92,0.08,0.0
86,17,0,8,0,1,0,0,-1,0.0,1,5,0,1,-1,0,0,-1,1,1,2,2,3,-1,0,-1,2,1,1,0,4,3,3,3,2,3,4,3,3,-1,1,0,4,1,0,4,1,1,1,2,3,1.0,0.0,0.0
87,20,1,2,1,0,0,0,-2,1.0986120000000001,1,1,1,1,-2,1,-1,1,5,1,2,3,1,1,0,1,2,1,0,-1,4,2,4,4,4,4,3,3,3,-1,1,0,1,-1,-1,5,1,1,4,1,0,0.5,0.0,0.5
88,19,1,3,0,0,1,0,2,2.70805,1,5,1,-1,-2,0,-1,-1,3,1,0,4,3,0,0,0,3,1,1,-1,2,0,0,1,2,2,4,2,3,-1,1,1,4,0,0,4,2,1,2,2,1,0.67,0.0,0.33
89,21,1,3,0,0,1,0,2,1.609438,1,3,1,1,0,1,2,-1,3,0,1,5,1,1,0,0,1,1,1,0,3,4,3,4,4,3,3,5,3,0,2,1,4,-2,1,4,4,1,4,3,0,0.0,0.0,1.0
90,21,0,2,0,0,1,0,2,1.609438,1,3,1,-1,-2,0,-1,-1,1,1,4,4,3,0,0,-1,2,0,1,0,3,2,2,3,3,2,4,2,3,-1,2,0,4,2,0,3,4,1,1,1,0,0.98,0.01,0.01
91,20,0,6,1,0,0,0,2,0.0,0,4,1,-1,1,0,-1,-1,3,0,1,4,3,0,0,0,2,1,1,0,0,3,2,2,4,4,4,2,5,-1,1,0,2,-2,-1,1,1,1,1,3,0,0.79,0.19,0.02
92,16,0,5,0,0,1,0,2,1.3862940000000001,1,3,0,1,0,1,0,0,1,1,0,5,3,1,0,1,0,1,1,-1,1,3,3,3,4,3,3,3,3,-1,2,0,4,1,1,3,4,1,2,4,2,1.0,0.0,0.0
93,20,1,5,0,0,1,1,2,0.0,0,4,1,0,0,0,-1,-1,2,1,3,3,3,0,0,-1,4,1,1,-1,2,4,2,4,4,2,4,3,1,0,1,0,4,2,1,1,1,-1,3,0,1,0.95,0.03,0.02
94,21,1,3,0,0,1,0,-1,3.218876,1,1,1,1,2,0,-2,0,3,1,2,2,3,-1,0,-1,4,1,1,-1,3,4,1,2,4,3,1,2,4,0,1,0,4,0,-1,1,4,-1,4,3,2,0.76,0.08,0.16
95,20,0,4,0,0,1,0,0,1.791759,1,1,1,1,1,1,0,0,5,1,1,4,2,1,0,0,0,1,1,-1,3,3,4,4,4,3,3,2,5,-1,2,0,1,-1,1,5,4,-1,2,4,1,0.29,0.14,0.57
96,20,1,2,0,0,1,0,2,2.3025849999999997,1,3,1,-1,-1,1,-1,-1,2,0,1,3,3,1,0,1,2,0,1,-1,4,3,0,1,2,3,3,3,4,-1,1,1,4,2,0,4,1,1,1,0,1,0.97,0.03,0.0
97,20,0,5,0,0,0,0,2,0.0,1,3,0,-1,-2,0,-1,0,2,0,3,3,3,-1,0,0,2,1,1,-1,1,2,0,4,0,2,5,1,1,0,2,0,4,-2,1,1,1,1,1,2,0,0.79,0.21,0.0
98,20,0,3,1,0,0,0,2,2.3025849999999997,0,1,1,1,-2,0,0,-1,1,0,2,4,3,0,0,1,1,1,1,-1,4,3,4,2,3,3,3,2,2,0,2,0,4,-1,1,4,4,1,4,1,0,1.0,0.0,0.0
99,20,1,3,0,1,0,1,2,2.70805,1,4,1,0,-2,1,0,-1,4,1,1,1,1,1,0,-1,3,1,1,1,0,0,3,0,1,3,5,5,1,0,2,0,2,2,-1,4,1,1,4,0,3,0.0,0.0,1.0
100,20,1,3,0,0,1,1,-1,0.0,1,5,1,-1,-2,1,-2,0,4,1,1,4,3,1,1,1,2,1,1,0,1,1,0,2,3,0,4,3,3,0,3,1,4,2,0,5,1,1,1,2,3,0.63,0.11,0.26
101,18,0,2,0,0,0,0,-2,2.995732,1,5,1,-1,0,1,0,-1,3,1,1,3,3,1,0,0,3,0,0,-1,0,0,0,0,0,2,4,3,2,-1,4,0,1,-2,1,5,4,1,4,3,0,0.99,0.0,0.01
102,19,1,6,0,0,1,0,2,0.0,1,1,1,1,-2,0,1,1,3,1,1,4,3,0,0,1,1,0,1,0,3,1,4,4,2,3,4,3,1,-1,4,0,1,-1,1,4,2,1,4,3,0,1.0,0.0,0.0
103,15,0,5,0,1,0,0,2,1.0986120000000001,0,5,0,0,0,0,-1,0,5,1,0,4,1,0,0,-1,0,0,1,0,1,2,2,3,0,0,4,3,1,1,4,0,2,1,1,2,4,1,4,0,0,0.48,0.51,0.01
104,19,1,4,1,0,0,0,1,0.6931470000000001,1,1,1,-1,0,1,-2,-1,1,1,1,5,3,0,0,-1,1,1,0,1,3,3,2,3,4,0,2,3,1,0,1,0,4,1,-1,4,1,1,4,0,3,1.0,0.0,0.0
105,20,1,2,1,0,1,0,2,0.6931470000000001,0,1,0,-1,0,0,0,-1,4,0,3,2,3,0,0,-1,0,1,0,-1,2,4,0,4,0,2,4,3,3,-1,3,1,4,1,0,2,4,1,4,2,1,0.04,0.8,0.16
106,20,0,2,1,0,0,0,0,0.0,1,1,1,0,0,0,0,-1,5,0,2,5,3,-1,0,1,1,1,0,0,4,0,4,1,3,0,4,3,2,0,1,0,4,1,-1,4,1,1,3,1,0,0.92,0.07,0.01
107,21,1,3,0,0,1,0,2,1.0986120000000001,1,3,1,1,-1,1,-2,-1,1,1,3,4,3,0,0,-1,1,1,1,-1,3,2,3,2,4,3,3,2,1,0,3,0,4,2,-1,4,4,1,1,1,2,0.97,0.01,0.02
108,20,0,4,0,1,0,0,2,3.218876,1,1,1,1,0,1,-1,-1,5,0,3,5,3,0,0,-1,2,1,1,0,3,2,2,4,2,3,4,1,1,-1,3,0,1,1,-1,5,4,1,4,3,3,0.99,0.0,0.01
109,29,1,3,1,0,0,0,2,2.3025849999999997,1,3,1,-1,-2,1,-2,-1,1,1,2,4,1,0,0,0,2,1,1,-1,3,3,4,3,3,2,4,3,4,-1,2,0,4,-1,1,4,4,1,4,2,3,0.05,0.94,0.01
110,21,0,6,0,1,0,0,2,0.6931470000000001,1,5,1,-1,0,0,-1,-1,5,1,2,1,3,1,0,1,0,1,0,-1,2,0,3,3,0,3,3,2,2,-1,3,1,4,1,-1,4,4,1,4,3,2,0.01,0.0,0.99
111,15,0,2,1,0,0,1,-1,0.6931470000000001,0,5,1,1,1,0,0,0,4,1,3,2,3,-1,0,-1,4,0,1,0,1,1,0,0,4,0,5,3,5,1,2,0,4,-1,1,4,1,1,3,0,2,0.99,0.01,0.0
112,16,1,3,0,0,1,1,2,1.609438,1,1,1,0,-2,0,1,1,5,0,2,1,1,1,0,1,0,0,0,0,3,2,0,2,4,3,5,3,3,0,2,0,1,-2,-1,3,2,1,4,2,0,0.66,0.01,0.33
113,17,1,4,0,0,1,1,2,1.3862940000000001,1,5,1,-1,0,0,0,0,3,1,3,4,2,0,0,-1,2,0,1,-1,3,3,3,3,2,3,4,3,1,-1,4,0,1,-1,1,5,1,1,3,2,0,1.0,0.0,0.0
114,20,1,4,0,0,1,0,2,2.397895,1,3,1,1,0,0,0,-1,2,1,2,4,3,0,0,1,2,1,1,-1,3,0,0,0,0,3,3,3,5,1,2,0,2,1,-1,5,2,1,1,1,2,1.0,0.0,0.0
115,18,1,5,0,0,0,0,2,1.609438,1,1,1,1,-2,0,-2,-1,3,1,3,4,2,-1,0,-1,1,1,0,-1,3,4,3,2,4,3,1,3,3,-1,1,0,4,1,0,2,4,1,3,3,3,1.0,0.0,0.0
116,18,1,5,0,0,1,1,2,1.609438,1,4,1,1,0,0,-2,0,5,1,0,5,3,0,0,-1,0,0,0,-1,1,2,3,2,1,3,4,3,4,1,3,0,1,2,1,4,4,0,4,2,2,0.01,0.05,0.94
117,21,1,7,0,0,1,0,2,0.0,1,3,1,1,1,0,2,0,1,0,2,4,1,1,1,0,1,1,1,-1,2,4,0,3,0,0,2,5,1,-1,2,0,2,-1,1,1,2,-1,1,1,0,0.03,0.07,0.9
118,22,0,4,0,1,0,0,2,0.6931470000000001,1,1,1,-1,-1,1,-2,1,4,1,1,1,1,1,0,-1,2,1,1,-1,3,3,3,1,0,3,4,3,2,-1,2,0,2,2,1,1,4,1,2,3,1,0.67,0.28,0.05
119,16,1,3,1,0,0,0,2,1.0986120000000001,0,1,1,-1,0,0,1,0,5,1,3,3,1,-1,0,-1,0,1,0,-1,4,4,4,3,0,2,4,1,1,0,1,0,4,-1,-1,2,2,1,1,2,0,1.0,0.0,0.0
120,21,0,4,0,1,0,0,2,0.0,1,1,1,1,-1,1,0,0,1,1,3,3,3,-1,0,1,4,1,1,0,3,3,2,2,3,0,4,3,3,-1,3,0,4,1,-1,4,1,1,3,2,3,1.0,0.0,0.0
121,14,1,5,0,0,1,0,2,0.0,0,1,1,1,1,0,0,0,1,0,1,4,1,0,0,1,1,0,0,-1,1,2,1,0,0,2,2,3,3,-1,2,0,4,-1,0,4,1,-1,4,1,0,0.02,0.0,0.98
122,21,0,4,0,1,0,0,2,1.609438,1,1,1,-1,-2,0,0,-1,5,1,4,5,3,1,0,1,3,0,0,0,4,3,4,2,3,3,3,3,5,-1,2,1,1,-1,0,1,2,-1,4,0,1,0.96,0.03,0.01
123,14,0,3,0,0,0,0,2,2.995732,0,3,1,-1,-2,1,-2,1,5,1,3,4,1,0,0,1,2,0,0,0,2,4,0,2,3,2,3,3,4,1,1,0,2,2,-1,1,2,1,4,2,0,0.99,0.01,0.0
124,22,1,4,0,1,0,0,2,1.3862940000000001,0,5,1,1,0,0,-1,-1,5,1,2,3,2,0,0,-1,4,0,0,-1,0,2,2,0,0,0,1,3,3,1,3,0,1,-1,0,3,3,-1,1,3,0,0.01,0.98,0.01
125,22,0,3,0,1,0,0,1,2.3025849999999997,1,4,0,1,0,0,0,-1,2,1,2,5,3,-1,0,-1,4,0,1,0,3,3,2,2,4,4,4,4,3,-1,4,0,4,1,-1,3,4,-1,3,4,0,0.06,0.85,0.09
126,20,1,4,0,1,0,0,2,0.0,1,3,1,1,-1,0,-1,-1,3,0,2,3,3,1,0,0,2,1,1,0,1,0,1,1,4,2,1,3,1,1,1,1,3,1,-1,2,4,1,4,1,3,0.64,0.15,0.21
127,17,1,3,1,1,0,0,2,2.995732,0,5,0,-1,2,0,1,0,5,0,2,5,2,1,0,-1,1,0,1,0,4,4,0,4,0,3,2,1,5,1,4,1,2,-1,0,4,3,1,4,4,0,0.91,0.08,0.01
128,35,0,3,0,0,1,0,-2,0.0,1,5,1,-1,-2,0,0,0,1,0,1,4,2,1,0,1,1,1,1,1,1,3,4,4,4,0,2,3,1,0,1,0,2,-1,1,4,1,1,4,0,0,1.0,0.0,0.0
129,16,0,7,0,1,0,1,2,0.0,0,4,1,-1,-2,0,0,0,3,1,1,1,1,0,0,-1,3,1,1,-1,0,0,0,2,4,0,5,1,1,-1,1,1,2,-1,1,1,1,1,1,0,0,1.0,0.0,0.0
130,20,1,4,1,0,0,0,2,0.6931470000000001,1,5,1,1,1,0,-2,-1,5,0,0,4,1,0,0,1,1,1,0,-1,3,2,2,1,2,0,4,4,1,-1,2,1,1,-2,-1,5,4,1,1,1,0,0.37,0.59,0.04
131,19,0,4,0,0,1,0,-1,2.3025849999999997,1,4,1,1,2,0,0,0,5,1,4,5,3,1,0,1,2,1,0,-1,2,4,4,1,0,1,4,2,1,-1,3,0,4,-1,0,5,4,1,2,3,0,0.04,0.0,0.96
132,22,0,7,0,1,0,0,2,2.70805,1,3,1,1,-2,1,-2,1,5,1,0,4,1,1,0,0,3,1,1,0,3,1,3,4,4,4,4,1,3,1,1,0,2,-1,-1,5,4,-1,4,3,3,0.62,0.14,0.24
133,21,0,7,0,1,0,0,1,2.70805,1,1,1,-1,0,1,-1,-1,5,1,3,4,3,1,0,1,0,1,0,-1,1,2,2,1,1,3,4,2,4,-1,3,1,1,-2,-1,5,4,1,4,2,2,0.7,0.05,0.25
134,21,0,3,0,1,0,0,2,1.0986120000000001,1,4,1,1,0,0,-1,-1,4,0,0,1,3,0,0,-1,1,1,1,0,1,1,2,2,3,3,4,3,4,-1,2,0,4,-1,1,4,4,1,4,4,0,1.0,0.0,0.0
135,13,0,6,0,0,1,0,1,0.6931470000000001,0,5,1,-1,-2,0,1,1,5,0,3,4,1,1,0,1,1,1,0,-1,3,4,0,4,0,3,3,3,2,-1,2,0,4,1,-1,2,4,1,1,2,2,1.0,0.0,0.0
136,19,0,3,1,0,0,0,2,1.609438,0,5,1,-1,-2,0,2,-1,2,0,3,4,3,0,1,0,2,0,0,0,2,3,3,2,3,2,4,2,3,-1,1,0,4,2,1,2,1,-1,2,2,3,0.0,0.01,0.99
137,15,0,5,0,0,1,0,2,3.4011970000000002,1,5,1,1,0,0,1,1,5,1,3,4,2,0,0,0,0,1,0,0,2,3,0,3,4,4,1,3,3,-1,1,0,4,-1,-1,4,1,1,3,4,3,0.73,0.0,0.27
138,20,1,4,0,1,0,1,-1,0.6931470000000001,1,3,1,1,-2,1,-1,0,2,1,3,1,3,0,0,1,0,1,0,0,2,0,1,1,0,2,2,3,1,0,2,1,1,0,-1,5,4,1,1,3,3,1.0,0.0,0.0
139,19,0,5,0,0,1,0,2,1.609438,1,5,1,-1,-2,0,0,-1,5,0,3,3,3,1,0,0,2,1,1,-1,2,2,4,4,3,3,2,3,1,0,1,0,1,2,-1,5,4,1,4,0,0,1.0,0.0,0.0
140,15,0,4,0,0,1,0,2,1.0986120000000001,1,4,1,1,0,0,-1,1,5,1,2,3,1,1,0,0,2,1,1,-1,4,2,4,4,3,3,1,3,5,1,1,0,1,-1,1,5,4,0,4,3,0,0.99,0.01,0.0
141,15,0,4,1,0,0,0,-1,0.0,1,1,1,-1,0,0,-2,1,5,0,3,1,2,0,0,0,3,0,1,0,1,2,1,4,3,0,2,3,2,-1,1,0,2,-1,0,1,1,1,4,2,0,1.0,0.0,0.0
142,20,0,4,0,1,0,0,2,1.0986120000000001,1,1,1,0,-2,0,1,-1,5,1,3,4,3,0,0,-1,1,0,1,-1,3,3,2,4,3,3,4,3,1,0,1,0,1,-2,-1,5,4,1,4,4,3,1.0,0.0,0.0
143,15,0,3,1,0,0,0,-1,1.609438,0,3,1,-1,-1,1,-2,1,2,1,0,4,1,1,0,1,1,0,1,0,2,0,2,2,1,2,3,3,2,0,1,0,4,-1,-1,5,1,1,4,4,3,1.0,0.0,0.0
144,16,1,4,0,0,1,0,2,0.0,1,1,1,-1,-2,1,0,-1,3,0,3,4,1,0,0,-1,0,1,0,0,3,4,3,3,2,3,4,1,2,0,2,0,1,1,1,4,4,1,4,0,0,0.93,0.07,0.0
145,9,0,2,1,1,1,0,2,2.6390569999999998,1,1,1,0,0,0,0,-1,1,1,3,2,2,-1,1,-1,4,1,0,-1,4,0,3,4,4,0,1,4,5,1,1,0,3,-1,0,3,3,-1,4,4,0,1.0,0.0,0.0
146,13,0,3,0,1,0,0,2,0.0,1,1,1,-1,0,1,-2,0,3,1,1,4,1,1,0,1,2,1,1,0,3,3,3,3,3,3,4,3,5,-1,1,0,4,2,-1,5,4,1,4,2,2,1.0,0.0,0.0
147,14,0,5,0,1,0,0,2,0.0,1,1,1,-1,0,1,-2,0,3,1,1,4,1,1,0,1,2,1,1,0,3,3,4,3,3,3,4,3,2,-1,1,0,4,2,-1,4,4,1,4,4,0,0.99,0.01,0.0
148,15,1,4,0,0,1,1,2,0.0,0,3,1,1,-2,1,1,1,4,0,3,5,3,0,0,1,3,1,0,-1,4,4,0,0,2,2,4,1,5,-1,1,1,4,-1,-1,4,1,1,1,0,1,0.86,0.12,0.02
149,21,1,4,0,1,0,0,2,0.6931470000000001,0,3,1,-1,1,1,0,1,4,1,0,4,1,0,0,1,0,1,0,1,3,3,2,2,4,0,2,3,4,-1,2,1,1,-1,-1,4,2,1,1,0,0,0.87,0.13,0.0
150,19,1,2,1,0,0,0,2,1.0986120000000001,1,1,1,1,0,0,-2,0,1,0,3,5,3,0,0,0,1,1,0,0,3,0,0,1,0,2,3,2,2,-1,2,1,1,-1,-1,3,4,1,2,2,3,0.02,0.0,0.98
151,21,1,4,0,0,1,0,2,0.0,1,3,1,0,-2,0,0,-1,4,1,2,4,3,-1,0,-1,2,1,1,0,1,1,3,0,0,0,2,2,4,1,1,0,4,-2,-1,1,1,-1,1,0,1,0.98,0.01,0.01
152,21,0,4,0,1,0,0,2,0.0,1,5,0,1,1,0,0,-1,5,1,1,3,2,1,0,1,2,1,1,-1,1,1,0,0,0,0,4,3,5,-1,2,0,4,-2,1,3,3,1,4,4,3,1.0,0.0,0.0
153,18,1,5,0,1,1,0,2,1.0986120000000001,1,1,0,0,-1,0,-2,-1,2,1,1,2,2,0,0,-1,1,0,1,0,3,2,1,2,0,3,2,3,1,-1,2,1,2,-1,0,3,4,1,4,0,3,1.0,0.0,0.0
154,18,0,4,0,1,0,0,-2,0.0,1,3,1,1,-1,0,-1,1,2,1,0,4,3,-1,0,0,0,1,0,-1,3,0,3,4,0,0,1,3,2,0,4,0,1,-1,-1,4,4,1,4,1,0,1.0,0.0,0.0
155,16,0,5,1,1,1,0,2,1.609438,1,1,1,0,0,1,-1,1,5,0,0,4,1,1,0,1,2,1,0,-1,1,2,3,1,4,2,3,3,3,-1,2,0,1,1,1,4,1,1,4,0,3,1.0,0.0,0.0
156,14,1,5,1,0,1,0,2,1.0986120000000001,1,1,1,1,0,1,0,1,5,1,1,4,1,1,0,1,2,1,1,-1,4,2,1,0,0,0,3,1,1,0,3,0,2,-2,-1,1,2,1,4,2,0,0.99,0.0,0.01
157,15,0,5,0,1,0,0,0,0.0,0,3,1,1,0,0,0,0,3,1,0,4,3,0,0,0,4,0,1,0,1,0,0,0,0,2,4,2,3,0,2,0,3,2,-1,4,4,1,1,0,0,1.0,0.0,0.0
158,20,0,7,0,0,1,1,2,0.0,1,3,1,-1,-2,0,0,-1,1,0,3,3,3,1,0,0,1,1,1,0,3,1,2,2,3,2,4,3,2,0,2,0,1,-1,-1,5,4,1,4,2,0,0.78,0.21,0.01
159,22,1,3,0,0,1,0,2,2.70805,1,1,1,1,-2,1,-1,0,1,0,2,3,3,1,0,1,3,1,0,0,1,3,0,0,4,0,2,2,4,-1,4,0,1,1,1,3,4,1,4,2,0,1.0,0.0,0.0
160,21,1,3,1,0,0,0,-1,0.6931470000000001,1,4,1,-1,-2,0,0,-1,1,1,3,4,1,0,0,-1,0,1,1,-1,3,2,3,2,2,3,4,1,2,-1,1,0,1,1,1,4,1,1,1,0,3,0.98,0.01,0.01
161,16,0,3,1,0,0,0,2,3.4011970000000002,0,5,0,-1,1,0,-2,-1,3,0,1,4,1,1,0,0,2,1,1,0,1,3,4,4,4,3,2,1,2,0,3,0,1,-1,-1,4,4,1,2,0,3,0.92,0.08,0.0
162,32,0,5,0,0,1,0,1,2.995732,1,5,1,1,0,0,-1,0,1,1,3,4,3,0,0,-1,1,1,1,-1,2,4,2,2,4,3,2,1,2,-1,2,0,1,-1,1,5,4,-1,1,3,3,0.92,0.06,0.02
163,12,0,4,0,0,1,0,2,0.6931470000000001,1,3,1,-1,-2,1,0,0,5,0,0,1,3,1,0,1,1,0,1,0,4,4,0,3,3,2,5,1,1,0,1,0,1,-2,1,4,1,1,1,0,2,0.98,0.02,0.0
164,20,0,3,0,1,0,0,2,1.0986120000000001,1,1,0,1,0,1,-1,-1,5,0,3,4,3,1,0,0,2,0,0,-1,0,0,2,0,0,2,2,3,3,-1,2,1,1,0,-1,5,1,1,3,2,1,0.97,0.0,0.03
165,15,1,5,0,0,1,0,2,0.0,0,5,1,1,2,0,2,-1,3,0,1,4,3,0,0,-1,4,1,1,-1,0,2,0,2,3,0,2,3,1,0,1,1,4,0,0,5,1,1,2,0,2,1.0,0.0,0.0
166,30,0,3,0,0,1,0,2,1.9459099999999998,1,4,1,1,-2,0,-1,-1,2,1,3,3,3,-1,0,-1,2,1,1,-1,2,0,3,2,0,4,1,3,1,-1,2,0,4,-1,1,4,3,-1,2,4,3,0.31,0.02,0.67
167,21,1,4,0,0,1,0,2,2.3025849999999997,0,2,0,-1,-2,0,0,-1,1,1,3,3,1,0,0,1,3,1,0,-1,2,4,0,2,4,0,1,3,2,-1,3,0,1,-1,-1,5,4,1,4,2,3,1.0,0.0,0.0
168,16,1,4,0,1,0,0,-1,1.0986120000000001,1,3,1,0,0,1,-2,-1,5,0,0,5,1,1,0,0,1,1,1,0,2,3,2,4,0,0,2,3,2,0,1,0,4,-2,-1,1,1,1,1,0,3,1.0,0.0,0.0
169,18,0,7,0,0,1,0,1,1.609438,1,3,1,0,1,0,1,-1,1,1,2,3,3,0,0,1,2,1,1,-1,3,4,2,4,4,3,3,1,3,0,1,0,4,-1,-1,2,4,1,3,2,3,0.86,0.11,0.03
170,20,1,4,0,1,0,0,2,0.0,0,4,1,-1,0,0,0,-1,4,1,3,4,3,0,0,1,1,1,0,0,2,3,1,3,3,3,2,3,4,0,2,0,4,-2,1,1,4,1,4,0,3,1.0,0.0,0.0
171,17,1,3,1,0,0,0,2,2.197225,0,1,1,-1,-2,1,1,-1,3,1,3,3,3,1,0,1,0,1,1,0,1,2,0,3,4,3,5,1,1,-1,1,0,1,-2,-1,1,1,0,4,0,0,0.95,0.05,0.0
172,16,0,3,0,1,0,0,2,1.791759,0,1,1,-1,1,1,-2,-1,1,1,3,1,1,0,0,0,3,1,1,0,4,4,3,2,4,3,2,1,2,0,3,0,1,-2,1,1,4,1,4,2,2,0.25,0.03,0.72
173,13,1,7,1,1,0,0,2,0.0,0,1,1,0,-2,0,0,-1,5,0,3,4,3,1,0,1,0,1,1,0,3,2,2,0,0,2,4,5,1,1,2,0,1,-1,-1,4,1,1,4,1,3,0.99,0.01,0.0
174,17,1,6,1,0,0,1,2,1.791759,1,1,1,1,0,0,0,-1,2,1,0,3,1,-1,0,1,1,1,1,0,1,1,1,0,0,3,2,2,5,0,1,0,1,1,-1,4,4,1,2,2,3,0.01,0.01,0.98
175,20,1,4,0,0,1,0,2,1.0986120000000001,1,5,1,-1,0,0,0,-1,4,1,3,4,3,1,0,-1,0,1,1,1,2,2,1,1,3,2,4,2,4,-1,2,1,4,2,1,4,1,1,1,1,3,1.0,0.0,0.0
176,20,0,5,0,1,0,0,1,0.6931470000000001,1,1,1,-1,1,0,-1,-1,1,0,0,3,3,0,0,1,2,0,0,1,0,1,1,0,4,2,2,3,3,0,3,0,2,-1,1,4,1,1,4,0,0,1.0,0.0,0.0
177,19,1,5,0,1,0,0,2,2.995732,1,5,1,-1,-2,0,0,0,4,1,2,4,3,0,0,-1,0,0,1,0,2,0,0,4,0,2,2,1,3,-1,2,0,1,1,0,4,1,-1,1,2,2,0.0,0.0,1.0
178,20,1,2,1,0,0,0,1,2.079442,0,2,1,0,0,0,2,-1,5,1,0,5,3,1,0,-1,4,0,0,-1,4,0,0,0,0,1,5,2,5,1,1,0,4,-1,0,4,2,0,1,3,3,0.0,0.0,1.0
179,16,1,4,0,0,1,0,2,0.0,1,3,1,1,-2,0,1,-1,2,0,1,4,3,1,0,1,0,1,1,-1,3,3,2,3,4,4,5,3,2,0,3,1,1,2,1,1,4,1,1,4,3,1.0,0.0,0.0
180,20,1,5,0,1,0,1,-1,2.3025849999999997,1,1,1,1,-2,1,-2,0,4,1,2,5,3,-1,0,-1,4,1,0,0,3,2,2,0,1,3,4,3,2,-1,3,1,2,1,0,5,1,1,2,4,0,0.96,0.04,0.0
181,20,1,4,1,0,0,0,-1,1.9459099999999998,1,1,1,1,1,0,-2,1,4,0,3,5,1,-1,0,-1,4,1,1,0,2,1,4,0,4,4,3,3,3,-1,4,0,4,-1,0,1,1,1,3,1,2,0.95,0.05,0.0
182,21,1,4,0,1,0,0,1,0.0,1,1,1,-1,-2,0,1,-1,2,1,0,1,1,1,0,0,4,1,1,0,3,0,0,1,4,0,3,3,4,1,2,1,4,0,1,4,1,1,3,4,0,0.0,0.0,1.0
183,15,0,3,1,0,0,0,-1,1.609438,1,5,1,1,0,0,-2,-1,5,1,0,3,3,0,0,1,2,1,1,0,3,4,4,3,2,0,4,3,1,0,4,0,4,-1,1,4,4,-1,2,1,0,0.26,0.09,0.65
184,13,1,3,1,1,0,0,2,2.6390569999999998,1,5,1,-1,0,0,-1,0,5,0,0,5,1,0,0,-1,2,0,0,0,3,1,1,2,0,2,4,5,1,-1,2,1,4,1,-1,2,4,1,4,1,0,1.0,0.0,0.0
185,20,1,5,0,0,1,0,2,0.0,0,1,1,1,1,1,0,-1,4,1,1,4,3,1,0,1,2,1,1,0,3,4,1,3,4,1,4,3,2,0,4,0,2,-1,1,5,1,-1,4,2,2,1.0,0.0,0.0
186,13,1,4,0,0,1,0,2,0.0,0,1,1,0,0,0,0,0,5,0,1,3,1,1,0,0,0,0,1,0,4,2,2,0,0,2,1,3,5,0,2,0,3,-1,0,3,1,1,3,0,0,1.0,0.0,0.0
187,17,1,4,0,1,0,0,2,2.890372,0,1,1,-1,0,1,0,1,4,0,0,4,1,1,0,1,3,1,1,-1,0,1,0,3,4,2,5,5,2,0,1,0,1,-1,-1,1,2,-1,4,1,3,1.0,0.0,0.0
188,14,1,5,0,0,1,0,2,0.0,0,5,0,-1,2,0,2,0,5,0,0,3,1,1,0,-1,0,1,0,-1,4,3,3,3,2,0,2,1,1,0,1,0,1,2,1,2,3,1,4,2,0,1.0,0.0,0.0
189,21,1,4,0,1,0,0,-1,2.3025849999999997,1,1,0,-1,1,0,0,-1,5,1,2,4,2,-1,1,1,2,1,0,-1,3,3,2,2,2,2,4,2,2,-1,1,1,4,-1,-1,4,1,1,2,2,3,0.06,0.07,0.87
190,20,0,6,0,1,0,0,2,1.3862940000000001,0,5,1,0,0,1,0,-1,2,1,1,3,3,1,0,-1,3,1,1,0,1,0,0,0,0,0,3,1,2,-1,4,0,1,-2,1,1,1,1,4,0,3,0.84,0.15,0.01
191,14,0,3,0,0,0,0,2,0.0,1,5,1,0,-1,0,-2,0,5,1,0,5,1,0,1,0,2,1,1,0,4,1,0,0,2,3,4,3,5,0,3,0,4,-2,0,3,4,1,1,0,3,0.97,0.03,0.0
192,15,0,3,0,0,0,0,2,0.0,1,5,1,0,-1,0,-2,-1,5,0,4,5,2,0,0,1,0,1,1,1,4,0,4,2,2,3,4,3,5,0,2,0,4,2,0,5,4,-1,2,2,0,1.0,0.0,0.0
193,14,1,3,0,0,0,0,2,1.609438,0,5,0,-1,0,0,-2,1,4,0,3,5,2,0,0,0,2,1,1,0,2,0,0,0,0,0,2,4,5,0,2,0,2,1,0,3,4,1,4,4,0,0.89,0.03,0.08
194,13,0,4,0,0,1,0,2,0.0,1,5,1,1,-2,1,-1,0,5,0,2,3,3,1,0,1,0,1,1,-1,3,2,3,2,2,0,3,1,1,0,2,0,4,1,0,4,1,-1,4,0,3,1.0,0.0,0.0
195,15,1,3,1,1,1,1,-1,1.3862940000000001,0,4,0,-1,2,0,-2,1,3,1,0,1,2,0,1,0,4,0,0,-1,4,4,4,4,4,2,3,5,5,0,4,1,2,2,0,5,1,-1,3,1,1,0.0,0.0,1.0
196,13,1,3,0,0,0,0,2,0.0,0,3,1,-1,-2,0,0,-1,1,0,0,1,1,1,0,-1,2,1,1,0,0,2,0,0,0,2,4,3,2,-1,2,0,2,2,-1,4,4,0,1,1,0,0.93,0.07,0.0
197,20,0,4,0,0,1,0,2,1.0986120000000001,1,5,1,-1,1,0,-2,0,2,1,3,2,3,0,0,0,0,1,1,0,4,1,0,2,4,2,4,5,2,0,1,0,2,2,1,1,2,1,1,0,2,0.88,0.06,0.06
198,20,1,4,0,1,0,0,2,1.609438,1,1,1,1,0,0,1,-1,3,1,1,5,1,0,0,1,0,1,1,0,2,4,3,0,0,0,4,3,2,0,3,0,4,-1,1,4,4,1,1,2,2,1.0,0.0,0.0
199,13,0,7,1,0,0,0,-1,1.9459099999999998,1,4,0,1,1,0,1,1,3,1,0,1,3,1,0,1,4,0,0,1,4,3,4,1,2,4,4,1,5,0,1,1,4,1,0,3,4,1,3,2,1,1.0,0.0,0.0
200,15,0,7,0,0,0,0,2,0.0,1,3,1,1,0,0,0,-1,1,0,3,5,3,0,0,1,2,0,1,0,1,1,1,3,2,2,2,3,1,0,4,0,4,2,-1,5,4,1,4,0,0,0.26,0.0,0.74
201,20,0,4,0,0,1,0,2,1.609438,1,5,1,-1,-1,0,-1,-1,1,1,0,1,3,1,0,1,0,1,0,-1,2,0,0,0,0,2,3,2,3,0,3,0,4,-1,1,3,4,-1,3,3,1,0.0,0.02,0.98
202,20,1,4,0,1,0,0,1,0.0,1,5,1,-1,0,0,-1,-1,3,0,0,4,3,1,0,0,2,1,1,1,3,0,1,2,3,3,4,1,2,-1,2,0,4,-1,1,4,1,1,4,4,0,0.22,0.0,0.78
203,21,1,8,0,0,1,0,2,1.0986120000000001,1,5,0,-1,-2,0,-1,0,1,0,2,4,1,0,0,-1,2,0,1,-1,3,4,1,3,0,0,4,1,2,-1,3,1,1,1,1,4,1,1,1,2,3,0.96,0.03,0.01
204,23,1,4,0,1,0,0,2,1.0986120000000001,1,4,1,1,0,0,-1,0,4,0,1,1,3,1,0,1,1,0,1,1,3,2,1,3,4,3,3,5,5,0,1,0,4,-2,1,4,4,1,4,0,3,0.0,0.01,0.99
205,13,1,4,0,0,1,0,2,0.0,1,5,1,-1,-1,0,-2,0,5,1,2,3,3,1,0,0,1,1,1,0,2,3,0,3,3,1,2,2,1,0,2,0,1,2,-1,5,4,0,4,2,0,1.0,0.0,0.0
206,15,1,3,1,1,1,0,-2,0.0,1,1,1,0,-1,1,2,0,5,1,4,2,1,0,1,0,1,0,0,0,3,0,0,0,0,1,3,3,1,1,3,0,2,2,1,1,3,1,1,0,0,1.0,0.0,0.0
207,21,1,8,0,0,1,0,2,1.0986120000000001,1,5,0,-1,-2,0,0,0,1,0,2,4,1,0,0,-1,2,0,1,-1,3,4,1,3,0,0,4,1,2,-1,3,1,1,1,1,4,1,1,1,0,3,0.96,0.03,0.01
208,12,0,3,0,1,0,0,1,0.0,0,5,1,0,1,1,1,1,5,1,3,5,1,0,1,1,2,1,0,0,0,0,0,0,0,2,4,3,1,-1,3,0,2,1,1,2,4,1,4,0,0,1.0,0.0,0.0
209,13,1,7,0,1,0,0,2,0.0,0,4,1,1,0,1,0,-1,5,0,1,3,1,1,0,0,2,1,0,0,2,3,3,4,4,1,4,1,5,0,2,0,2,-1,1,4,1,0,1,0,3,1.0,0.0,0.0
210,18,1,2,0,0,1,0,2,1.3862940000000001,0,1,0,1,1,0,-1,0,5,1,1,4,3,0,0,1,1,0,1,1,3,3,2,4,0,2,3,3,5,0,4,0,1,1,-1,5,4,0,4,4,2,0.31,0.66,0.03
211,22,1,6,0,0,1,0,0,1.0986120000000001,1,5,1,-1,0,1,2,-1,1,0,3,4,1,1,0,1,0,1,1,0,3,4,3,4,4,3,4,3,2,-1,1,0,1,-1,1,5,2,1,4,1,3,0.95,0.05,0.0
212,12,0,3,0,1,0,0,1,0.0,1,5,0,0,1,1,1,1,5,1,3,5,1,0,1,1,2,1,0,0,0,0,0,0,0,3,3,3,1,-1,3,0,2,1,1,2,4,1,4,0,0,1.0,0.0,0.0
213,22,0,5,1,0,1,0,2,2.3025849999999997,1,4,1,1,1,1,0,0,3,1,0,1,3,0,0,-1,0,1,0,0,4,2,3,2,3,3,4,2,2,-1,1,0,2,-1,-1,4,1,1,4,0,0,1.0,0.0,0.0
214,19,0,5,0,1,0,0,0,1.609438,1,3,1,-1,0,0,0,1,1,0,4,4,3,0,0,1,2,1,1,-1,2,3,1,0,0,0,4,3,2,0,1,0,4,1,0,5,1,1,4,4,3,0.99,0.01,0.0
215,21,1,3,0,1,0,0,2,1.0986120000000001,0,5,1,1,0,0,0,-1,1,1,1,3,1,0,0,1,1,1,1,0,3,1,0,1,0,3,4,1,1,0,3,1,1,2,0,3,3,1,4,0,0,1.0,0.0,0.0
216,24,1,7,0,0,1,0,2,2.995732,1,5,1,1,-1,1,1,0,3,1,2,5,1,1,0,0,2,0,0,-1,3,0,1,2,0,0,3,3,1,-1,3,0,2,-1,1,2,4,1,1,2,0,0.99,0.01,0.0
217,16,1,3,0,0,0,0,2,1.0986120000000001,0,5,1,-1,0,0,-2,-1,4,0,1,4,3,-1,0,1,1,0,0,-1,0,0,0,4,0,2,4,2,1,-1,4,1,4,-1,0,2,3,-1,4,4,3,0.16,0.78,0.06
218,19,1,5,0,0,1,0,1,3.218876,1,5,0,1,-1,0,-2,1,4,0,0,5,3,0,0,1,4,0,0,-1,2,2,3,2,2,3,3,3,4,-1,3,0,4,1,0,4,4,1,2,4,2,1.0,0.0,0.0
219,15,0,4,0,0,1,1,2,2.70805,1,3,1,-1,-1,1,0,1,5,1,2,4,3,0,0,1,2,1,0,-1,2,0,3,2,4,2,1,3,3,0,3,0,2,-1,-1,3,4,1,2,2,2,0.95,0.05,0.0
220,15,1,4,1,1,1,1,2,0.0,0,4,1,1,0,1,-2,1,5,0,3,4,3,1,0,1,3,1,0,0,4,4,0,0,1,0,1,1,2,-1,1,1,2,-1,0,5,3,1,4,2,0,0.7,0.29,0.01
221,20,0,5,0,1,0,0,2,0.6931470000000001,1,1,1,-1,1,0,-2,-1,5,0,2,3,3,0,0,1,0,1,1,-1,3,4,4,4,4,3,3,2,3,-1,2,0,1,0,1,4,4,1,1,4,0,1.0,0.0,0.0
222,20,0,4,0,1,0,1,1,2.995732,1,1,0,-1,0,1,-2,1,5,0,3,5,1,1,0,0,0,1,0,0,2,0,0,3,3,2,4,3,2,0,2,0,4,-1,0,2,4,1,2,1,3,1.0,0.0,0.0
223,17,1,4,0,0,1,0,-1,1.0986120000000001,0,3,0,-1,-2,1,0,0,2,0,2,3,3,0,0,1,2,1,0,0,2,3,3,3,4,2,2,3,1,0,1,0,4,-1,1,2,1,1,4,2,0,0.87,0.12,0.01
224,20,1,5,0,1,0,0,2,1.3862940000000001,0,3,1,1,-2,0,2,0,1,0,3,4,3,1,0,1,0,1,1,0,3,1,1,1,3,3,4,1,2,0,1,1,4,2,-1,2,4,1,1,2,0,0.1,0.81,0.09
225,13,1,3,1,1,1,0,2,0.0,0,3,1,-1,0,1,0,1,5,0,1,3,1,1,0,-1,0,1,1,0,4,4,4,3,3,0,1,3,1,0,1,0,1,-2,1,4,4,1,1,0,3,0.99,0.01,0.0
226,20,1,2,1,0,0,0,0,0.0,0,3,1,1,-2,0,-2,-1,4,1,2,4,1,1,0,1,2,1,1,-1,2,3,4,2,4,2,4,3,2,0,3,0,2,-1,-1,4,1,1,4,3,0,1.0,0.0,0.0
227,17,1,4,0,0,1,0,2,0.0,1,1,0,-1,-2,0,0,-1,5,0,1,5,3,0,0,1,1,1,0,0,0,0,0,0,0,0,2,3,2,0,2,1,4,-1,1,4,1,-1,4,0,0,1.0,0.0,0.0
228,19,1,4,0,1,0,0,2,3.218876,1,5,1,0,-1,0,-2,-1,2,0,3,1,3,1,0,-1,2,1,1,0,1,1,2,1,4,3,2,3,2,0,1,1,4,1,-1,4,1,-1,4,2,0,0.98,0.0,0.02
229,17,0,4,0,1,0,0,2,2.079442,1,1,1,-1,-2,0,0,-1,5,1,0,4,1,1,0,0,3,0,1,-1,2,4,4,3,2,2,3,1,2,0,1,0,4,-1,-1,5,4,-1,1,2,0,0.33,0.0,0.67
230,18,0,4,0,0,1,0,1,1.791759,1,5,1,1,0,1,0,0,5,1,3,3,3,0,0,1,2,1,1,0,2,1,3,3,4,3,4,3,3,0,1,0,1,-1,1,2,4,1,2,2,3,1.0,0.0,0.0
231,16,0,7,1,1,0,0,2,0.0,1,3,1,-1,1,1,0,1,2,1,1,3,1,1,0,1,4,1,0,0,0,0,0,0,0,3,2,3,3,0,3,0,4,1,-1,4,1,1,1,3,2,0.99,0.01,0.0
232,12,1,3,1,0,0,0,2,0.6931470000000001,0,5,1,-1,0,1,-2,0,3,0,3,3,3,1,0,1,0,1,0,0,3,2,1,4,4,2,4,2,2,0,3,1,4,1,-1,4,1,1,1,2,3,1.0,0.0,0.0
233,20,0,3,0,0,0,0,2,1.3862940000000001,1,4,0,-1,0,0,0,-1,2,1,3,3,3,0,0,1,1,1,0,-1,3,2,4,2,4,3,3,2,4,-1,1,0,4,1,-1,5,4,1,3,1,1,0.5,0.0,0.5
234,72,1,3,0,0,1,0,2,0.0,1,2,0,-1,-2,1,0,-1,2,0,0,3,3,1,0,0,0,1,1,1,1,1,1,1,2,0,5,3,1,-1,4,1,4,2,1,4,1,-1,4,0,0,0.63,0.15,0.22
235,14,0,3,0,1,0,0,2,0.6931470000000001,1,1,1,1,1,1,-2,1,5,1,4,1,1,1,0,0,3,1,1,0,0,0,0,0,0,0,5,5,3,0,3,1,1,-2,-1,1,2,1,1,0,3,1.0,0.0,0.0
236,20,1,2,0,1,1,1,2,0.0,1,2,1,0,-1,1,-1,0,3,0,2,2,1,0,0,-1,2,1,1,-1,0,0,0,0,0,0,4,1,5,-1,4,0,1,0,-1,4,1,-1,3,1,3,0.0,0.0,1.0
237,20,1,4,0,1,0,1,2,1.609438,0,5,1,1,-2,1,1,-1,2,0,0,4,3,0,0,-1,2,1,0,-1,3,3,3,2,2,0,3,3,2,-1,3,0,2,-1,1,5,4,1,2,2,0,0.88,0.0,0.12
238,19,0,4,0,0,0,1,-1,2.3025849999999997,1,5,1,0,-2,0,-1,1,3,1,1,5,3,1,0,-1,2,1,1,1,1,0,1,4,4,2,3,3,2,-1,4,0,2,1,0,2,4,1,1,4,3,0.65,0.3,0.05
239,21,1,4,0,0,1,0,-1,0.0,0,5,1,0,-2,1,1,0,2,1,1,3,2,0,0,1,3,1,1,-1,3,4,4,3,1,2,1,5,2,-1,3,1,1,2,0,1,2,-1,1,3,3,0.02,0.44,0.54
240,20,1,3,1,0,0,0,2,0.0,0,1,1,1,1,0,1,-1,3,0,3,2,1,1,0,1,0,1,0,0,2,2,1,0,0,2,4,3,2,0,2,0,2,-1,-1,4,2,1,3,0,2,1.0,0.0,0.0
241,20,1,4,0,0,1,0,1,1.609438,1,4,1,0,0,1,-2,0,4,1,1,4,3,0,0,-1,3,0,1,0,4,3,4,4,0,2,4,3,2,-1,3,0,1,1,-1,4,2,-1,2,2,3,1.0,0.0,0.0
242,19,1,4,0,1,0,0,2,0.6931470000000001,0,4,1,1,0,0,0,1,4,0,1,4,1,1,0,-1,0,1,1,0,0,4,0,0,0,2,3,1,1,0,4,0,2,-2,-1,1,4,1,4,2,3,1.0,0.0,0.0
243,20,1,3,0,1,0,0,1,2.397895,0,4,1,1,2,1,2,-1,5,0,2,5,3,0,0,0,4,1,1,0,2,0,4,0,0,2,3,3,1,1,2,0,4,2,-1,4,4,1,4,3,3,0.0,0.0,1.0
244,16,0,4,1,0,0,0,2,0.0,0,1,1,-1,-2,0,1,1,5,0,0,5,1,1,0,-1,0,1,1,0,2,0,0,3,0,2,4,1,1,0,1,0,2,-1,1,5,1,0,4,0,0,1.0,0.0,0.0
245,13,0,3,0,1,0,0,2,0.0,0,5,0,0,-2,0,-2,-1,5,0,1,3,1,1,0,-1,3,1,0,0,4,0,0,1,0,0,1,5,5,0,1,0,2,-2,0,4,4,1,4,1,0,1.0,0.0,0.0
246,20,1,5,0,1,0,0,-1,0.0,1,5,0,-1,-2,1,0,1,2,1,1,5,1,1,0,0,0,1,1,0,2,0,2,2,3,2,4,1,2,-1,3,0,4,-1,1,4,4,1,1,1,2,0.32,0.64,0.04
247,20,1,4,0,1,0,1,2,0.0,1,3,0,1,-2,1,0,0,2,1,1,1,3,0,0,-1,0,1,0,0,0,1,0,0,1,2,4,3,1,0,2,0,1,1,0,4,4,1,1,3,3,0.42,0.0,0.58
248,20,1,3,0,0,1,0,-1,1.609438,1,1,0,0,2,0,-2,0,1,0,4,2,2,1,1,0,4,0,0,-1,2,3,1,4,1,2,4,3,1,0,3,1,3,0,0,2,1,-1,3,2,2,1.0,0.0,0.0
249,13,1,6,1,0,0,0,2,2.4849069999999998,1,5,0,0,0,0,-2,1,3,1,2,2,3,1,0,-1,0,1,0,0,0,0,2,3,0,3,1,2,1,-1,2,0,4,1,0,2,3,-1,4,4,3,1.0,0.0,0.0
250,16,0,3,0,1,0,0,2,0.0,1,1,1,-1,-2,1,0,-1,5,0,2,3,3,1,0,1,2,1,1,-1,4,3,0,2,2,1,3,2,2,-1,3,0,4,-2,1,3,4,1,4,1,3,0.82,0.18,0.0
251,22,0,5,0,0,0,0,-2,2.70805,0,3,1,0,1,0,0,-1,4,1,0,3,1,1,0,0,3,1,1,0,0,4,3,0,4,4,4,1,2,-1,2,0,2,-1,1,5,1,1,4,4,2,0.9,0.09,0.01
252,19,1,4,0,1,0,0,1,0.0,1,3,1,0,-2,0,-2,0,1,1,4,4,3,0,0,-1,3,1,0,0,3,0,0,2,4,2,3,2,3,-1,1,1,4,2,-1,1,1,1,2,2,0,0.98,0.02,0.0
253,20,1,5,0,1,0,0,-1,1.0986120000000001,1,3,1,-1,0,0,0,-1,4,0,3,4,3,1,0,1,2,1,1,0,2,0,1,3,0,0,2,3,2,0,1,1,4,-2,-1,5,1,1,1,0,0,1.0,0.0,0.0
254,20,1,4,0,0,1,0,2,0.0,1,4,0,1,-1,0,-2,-1,4,0,3,5,3,0,0,0,1,0,1,-1,1,0,0,1,0,2,1,3,3,-1,3,1,4,1,0,2,3,1,4,3,3,1.0,0.0,0.0
255,20,1,4,0,0,1,0,2,0.0,1,4,1,1,0,1,1,0,3,0,3,1,2,0,0,-1,4,0,0,0,3,4,0,4,0,1,2,3,2,-1,1,0,4,-1,-1,1,4,-1,4,4,3,1.0,0.0,0.0
256,20,1,3,0,0,1,1,-1,0.0,1,1,1,-1,-2,0,1,1,3,0,1,1,1,1,0,-1,0,1,1,1,1,2,1,3,2,0,3,1,1,0,2,0,4,-2,1,4,1,1,1,2,0,1.0,0.0,0.0
257,22,1,5,0,1,0,1,-1,0.0,1,5,1,-1,0,0,0,-1,4,0,1,3,1,1,0,-1,2,0,1,-1,2,2,0,0,0,3,4,3,2,-1,1,0,4,1,1,5,4,-1,4,0,3,1.0,0.0,0.0
258,22,1,5,0,0,0,0,2,0.6931470000000001,0,5,0,-1,0,0,1,0,2,0,3,4,3,-1,0,1,2,0,0,-1,2,3,1,2,2,3,4,1,2,-1,3,0,4,0,-1,5,4,-1,2,2,2,0.03,0.25,0.72
259,14,1,5,0,0,1,0,2,1.0986120000000001,0,1,1,-1,0,1,-2,-1,5,0,3,3,1,1,0,1,2,0,0,0,3,0,0,0,0,2,1,3,2,0,2,0,1,-1,1,2,4,1,4,0,2,1.0,0.0,0.0
260,14,0,8,0,1,0,0,2,0.0,0,3,1,1,-2,1,-1,0,2,0,3,4,1,0,0,1,2,1,1,-1,2,0,0,0,0,0,2,3,1,-1,1,1,4,2,1,5,4,1,4,2,3,1.0,0.0,0.0
261,13,1,3,0,0,0,0,2,0.0,0,5,1,0,0,0,-2,0,5,0,3,4,3,0,0,1,2,1,1,-1,2,0,1,2,0,2,4,3,1,0,1,0,4,-1,1,2,4,-1,1,2,3,0.96,0.03,0.01
262,14,0,3,0,0,0,1,2,0.6931470000000001,0,3,1,-1,1,1,0,1,3,1,0,1,3,0,0,0,3,0,1,0,4,0,0,0,1,2,3,1,2,0,3,0,4,-2,-1,1,2,1,1,0,0,0.98,0.02,0.0
263,21,1,5,0,0,1,1,2,0.0,0,1,1,-1,-2,0,-2,-1,2,0,0,4,1,0,0,-1,2,1,0,-1,3,2,3,2,4,4,4,1,2,0,4,0,2,-1,1,5,4,1,4,3,3,0.18,0.73,0.09
264,15,0,3,0,0,0,0,2,1.0986120000000001,1,3,1,-1,0,1,-1,1,2,0,1,4,1,1,0,1,2,1,0,-1,3,2,3,1,0,0,2,1,1,0,3,0,1,-2,1,3,4,1,4,0,0,1.0,0.0,0.0
265,15,0,3,0,1,0,1,2,0.0,1,3,1,-1,1,1,0,0,5,0,0,4,1,1,0,0,1,1,0,-1,3,1,0,1,0,3,2,1,2,0,2,0,1,-1,1,5,4,-1,4,0,0,0.75,0.0,0.25
266,13,0,3,1,0,0,0,2,0.0,0,5,1,1,-2,0,-1,0,5,0,1,4,3,1,0,0,0,1,1,-1,2,3,4,0,0,3,3,4,2,0,4,0,1,-2,0,1,1,1,1,0,0,1.0,0.0,0.0
267,20,1,3,0,1,0,1,-1,0.0,1,4,1,1,0,0,-2,-1,1,0,1,3,1,0,0,0,2,0,1,1,1,0,0,1,2,0,3,3,1,0,4,0,2,-1,1,5,1,1,3,2,3,0.14,0.0,0.86
268,13,1,4,0,0,1,0,2,2.70805,1,5,1,0,0,0,0,0,1,0,2,5,1,0,0,1,0,0,1,0,1,4,3,2,0,2,4,3,3,0,2,1,1,2,1,1,4,1,4,2,3,0.13,0.81,0.06
269,14,0,3,1,0,0,0,2,0.0,0,3,1,-1,1,1,-2,1,5,0,2,3,3,1,0,0,2,1,1,-1,2,3,1,4,0,3,4,1,2,0,3,0,2,-2,1,4,4,0,4,3,0,1.0,0.0,0.0
270,13,1,3,1,0,0,0,2,0.0,1,5,1,0,1,1,-1,-1,1,1,0,1,1,1,0,0,1,1,0,0,0,0,1,0,0,2,5,3,2,-1,1,0,2,-1,-1,4,4,0,4,2,0,1.0,0.0,0.0
271,21,1,6,0,1,0,0,2,2.3025849999999997,1,5,1,-1,0,1,0,-1,1,0,0,3,3,1,0,0,3,1,1,-1,1,2,2,1,3,3,5,1,3,0,2,0,2,-2,-1,4,1,1,4,2,0,0.87,0.13,0.0
272,13,1,6,0,1,1,0,2,1.609438,0,1,1,0,0,0,1,0,1,0,1,3,1,0,0,1,4,1,0,0,0,4,0,4,0,2,2,5,1,0,3,0,2,-1,1,4,4,1,4,0,0,1.0,0.0,0.0
273,16,0,6,0,0,1,0,2,0.0,0,5,1,-1,-2,0,0,0,5,1,1,3,1,0,0,-1,0,1,1,0,3,2,2,3,0,0,2,3,3,0,3,1,4,-2,-1,4,1,-1,4,4,3,0.3,0.0,0.7
274,14,0,3,0,1,0,0,2,0.0,1,3,1,0,-2,1,0,-1,5,0,1,4,1,1,0,0,3,1,1,0,3,0,3,2,4,2,2,1,2,0,3,0,1,-2,1,5,4,0,1,0,3,0.99,0.0,0.01
275,19,0,3,1,0,0,0,1,0.0,0,1,1,-1,1,0,0,-1,5,1,1,3,3,1,0,0,1,1,1,0,3,2,3,3,4,2,2,2,3,-1,1,1,4,-2,-1,4,1,1,4,0,3,0.75,0.01,0.24
276,13,0,6,0,1,0,0,2,0.6931470000000001,0,3,1,-1,0,0,1,1,5,0,3,4,1,0,0,1,3,1,0,0,1,0,0,0,0,0,3,3,1,0,2,0,1,-1,0,5,1,1,4,2,0,1.0,0.0,0.0
277,14,1,3,1,0,0,0,2,0.6931470000000001,1,1,1,0,0,1,2,1,3,0,3,4,1,1,0,0,4,1,0,-1,3,4,2,4,2,0,3,1,1,0,2,0,1,-2,1,4,4,1,4,0,0,1.0,0.0,0.0
278,14,0,4,0,0,1,0,0,0.0,0,1,1,1,1,1,0,-1,5,1,0,3,3,1,0,0,2,1,0,0,1,0,0,2,3,2,4,1,2,0,2,0,4,-1,-1,3,4,1,4,2,3,0.98,0.02,0.0
279,16,1,5,0,1,0,0,2,1.3862940000000001,1,4,1,0,1,0,-1,-1,1,0,1,4,1,1,0,1,1,0,0,0,1,3,3,3,3,2,4,3,1,-1,3,0,1,1,0,5,1,1,2,3,2,1.0,0.0,0.0
280,16,0,5,0,1,0,0,2,1.0986120000000001,0,1,1,0,1,0,1,1,5,1,0,1,1,1,0,1,3,1,0,-1,0,0,0,0,0,3,4,3,1,0,2,0,2,-2,-1,1,2,1,4,0,0,1.0,0.0,0.0
281,13,0,6,0,1,0,0,2,0.0,0,1,1,-1,0,1,1,1,2,0,3,4,1,1,0,0,2,1,1,0,1,2,3,3,0,0,4,3,2,0,2,0,1,-2,-1,4,4,1,4,2,3,0.99,0.01,0.0
282,14,0,4,0,1,0,0,2,0.0,0,3,1,1,0,1,-1,1,1,0,1,3,1,1,0,1,1,1,1,0,2,2,2,4,3,1,4,1,1,0,2,0,1,-2,-1,4,4,-1,1,2,3,0.99,0.0,0.01
283,14,0,5,0,1,0,0,2,0.0,1,1,1,0,0,1,0,0,3,0,0,4,1,1,0,0,2,0,0,0,4,0,0,0,0,2,2,3,1,0,2,0,1,-1,-1,5,4,1,4,0,0,0.97,0.03,0.0
284,16,0,3,0,1,0,0,2,0.0,0,3,0,-1,1,1,-2,0,1,1,3,3,3,0,0,0,0,0,1,0,1,3,0,4,0,2,2,3,4,0,1,1,4,-2,0,5,1,1,1,4,3,0.63,0.03,0.34
285,20,1,4,0,1,0,0,2,0.6931470000000001,1,3,1,0,-2,0,1,-1,1,0,1,3,3,-1,0,-1,2,0,1,-1,4,2,2,2,2,1,2,3,3,-1,2,0,4,2,-1,5,1,1,2,2,2,0.84,0.14,0.02
286,19,1,3,0,0,1,0,1,1.791759,1,3,1,-1,-1,0,-2,0,5,1,4,4,1,0,0,-1,3,1,1,-1,2,4,2,4,4,3,4,1,4,-1,3,0,2,-1,-1,1,1,1,4,2,3,1.0,0.0,0.0
287,19,1,4,1,0,1,0,1,0.0,0,5,1,0,0,1,1,-1,1,0,1,2,3,-1,0,1,4,1,1,0,3,4,2,3,4,0,4,3,2,0,1,0,2,-1,1,3,4,-1,1,2,1,0.0,0.0,1.0
288,19,1,6,0,0,1,0,2,2.079442,1,5,1,1,1,0,0,0,1,1,1,3,3,-1,0,0,2,0,0,1,2,3,0,3,4,3,2,2,1,-1,4,0,4,2,0,2,4,1,4,4,0,1.0,0.0,0.0
289,20,1,6,0,1,0,0,2,1.0986120000000001,0,3,1,-1,-2,1,-2,0,5,1,1,3,1,1,0,0,0,1,1,0,4,3,1,4,4,3,4,3,3,0,2,1,4,2,-1,4,2,1,4,2,3,1.0,0.0,0.0
290,14,1,3,0,0,1,0,2,0.0,1,1,1,0,-2,0,1,0,5,1,3,4,3,-1,0,1,0,1,0,0,0,0,2,1,0,1,5,1,5,0,4,0,2,-2,-1,1,2,-1,1,2,3,1.0,0.0,0.0
291,20,0,6,0,1,0,0,2,2.70805,1,4,1,-1,0,0,0,-1,1,1,1,2,3,1,0,1,0,1,0,-1,2,2,4,3,3,3,2,3,3,0,4,0,2,-2,1,5,4,0,4,2,3,0.95,0.05,0.0
292,20,1,5,1,0,0,0,2,0.6931470000000001,1,5,1,0,-2,0,-1,0,1,1,1,3,1,1,0,1,2,1,0,1,1,2,1,1,0,2,4,3,4,-1,4,1,1,1,-1,5,4,1,4,1,3,0.01,0.97,0.02
293,19,1,4,0,1,0,0,2,0.0,1,3,1,-1,0,0,1,1,1,1,2,4,3,-1,0,1,0,1,1,0,3,4,1,3,3,1,2,1,5,1,3,1,3,2,0,4,2,-1,3,1,1,1.0,0.0,0.0
294,18,1,4,0,0,1,0,2,0.0,1,1,1,-1,0,0,0,-1,5,1,3,1,2,0,0,0,4,0,0,-1,1,4,1,0,0,3,4,3,3,0,2,1,1,-1,0,2,1,1,2,2,0,1.0,0.0,0.0
295,19,1,3,0,1,0,0,2,1.9459099999999998,1,3,1,-1,1,1,0,-1,3,1,1,4,3,-1,0,0,3,1,1,0,1,1,1,1,0,0,5,5,2,0,3,0,4,-1,-1,1,1,1,4,0,3,0.98,0.02,0.0
296,14,1,3,0,0,1,0,2,1.609438,1,5,1,-1,0,1,-2,-1,1,0,1,5,3,0,0,-1,0,0,1,-1,4,1,0,2,4,1,5,3,1,-1,2,0,2,2,0,5,2,1,1,2,0,0.04,0.95,0.01
297,21,0,4,0,1,0,0,2,1.0986120000000001,1,3,1,1,-2,1,-1,-1,1,1,1,3,1,1,0,1,3,1,1,-1,1,1,1,0,3,3,4,1,1,-1,1,0,1,-1,0,4,1,1,4,2,3,1.0,0.0,0.0
298,16,0,3,1,0,0,0,-1,0.6931470000000001,1,3,1,0,-2,0,0,-1,1,0,0,3,3,1,0,1,3,1,0,0,2,2,1,0,0,2,3,1,2,-1,3,0,4,2,-1,5,4,1,4,0,3,0.97,0.03,0.0
299,21,1,1,0,0,0,0,2,0.0,0,2,0,1,-2,0,-2,0,4,0,4,4,2,0,1,-1,0,1,0,-1,2,0,2,3,0,0,1,3,1,-1,1,0,1,-1,0,5,1,1,1,4,2,0.01,0.76,0.23
300,14,0,4,0,1,0,0,2,0.0,1,5,0,-1,0,1,-2,1,5,1,1,5,3,0,0,0,2,1,1,0,3,3,2,4,2,3,4,3,2,0,2,0,1,1,-1,5,4,1,4,2,3,0.72,0.07,0.21
301,14,0,6,0,1,0,0,2,0.0,1,1,1,0,-2,1,1,1,2,1,3,5,1,0,0,-1,0,1,0,1,1,0,0,0,0,4,2,3,1,0,2,1,1,1,-1,5,4,1,4,4,0,1.0,0.0,0.0
302,13,1,3,1,0,0,0,-1,0.0,0,1,1,1,0,1,-2,-1,1,0,3,4,1,1,0,1,2,1,1,0,3,3,1,4,4,3,4,1,2,0,1,1,1,-2,1,5,1,1,1,1,3,1.0,0.0,0.0
